[
  {
    "id": 1,
    "name": "ENGINE DIAGNOSTIC",
    "price": "300",
    "description": "Lorem ipsum dolor sit amet, consectetu radipisi cing elitBeatae autem aperiam nequ quaera molestias voluptatibus harum ametipsa.",
    "img": "https://i.ibb.co/dGDkr4v/1.jpg"
  },
  {
    "id": 2,
    "name": "WHEEL ALIGNMENT",
    "price": "100",
    "description": "Lorem ipsum dolor sit amet, consectetu radipisi cing elitBeatae autem aperiam nequ quaera molestias voluptatibus harum ametipsa.",
    "img": "https://i.ibb.co/tY8dmnP/2.jpg"
  },
  {
    "id": 3,
    "name": "OIL CHANGING",
    "price": "150",
    "description": "Lorem ipsum dolor sit amet, consectetu radipisi cing elitBeatae autem aperiam nequ quaera molestias voluptatibus harum ametipsa.",
    "img": "https://i.ibb.co/Yh04YVw/3.jpg"
  },
  {
    "id": 4,
    "name": "BRAKE REPARING",
    "price": "180",
    "description": "Lorem ipsum dolor sit amet, consectetu radipisi cing elitBeatae autem aperiam nequ quaera molestias voluptatibus harum ametipsa.",
    "img": "https://i.ibb.co/ZX2Cbkn/4.jpg"
  },
  {
    "id": 5,
    "name": "WASH AND GLASSING",
    "price": "100",
    "description": "Lorem ipsum dolor sit amet, consectetu radipisi cing elitBeatae autem aperiam nequ quaera molestias voluptatibus harum ametipsa.",
    "img": "https://i.ibb.co/FgQ3jXp/5.jpg"
  },
  {
    "id": 6,
    "name": "COMPLETE ANALYSIS",
    "price": "300",
    "description": "Lorem ipsum dolor sit amet, consectetu radipisi cing elitBeatae autem aperiam nequ quaera molestias voluptatibus harum ametipsa",
    "img": "https://i.ibb.co/zJy5ZDd/6.jpg"
  }
]
